keywords,Strength,Begin,End
Deep Learning,0.013850975634415126,2023,2024
Feature (linguistics),0.007596116,2023,2023
Medical Image Analysis,0.005317966,2024,2024
Identification (biology),0.004926726,2023,2023
Adversarial Examples,0.004514205,2023,2024
Transfer Learning,0.00409187,2023,2023
Topic Modeling,0.003988474,2024,2024
Meta-Learning,0.003720554,2024,2024
Cancer Imaging,0.003462744,2023,2024
Temporal Data Analysis,0.003452634,2024,2024
Emotion Recognition,0.003421835,2023,2023
Heuristics,0.002658983,2024,2024
Boosting (machine learning),0.002658983,2024,2024
Interpretable Models,0.002658983,2024,2024
Trustworthiness,0.002658983,2023,2024
Short-Term Forecasting,0.002658983,2023,2024
Aspect-based Sentiment Analysis,0.002586979,2023,2023
Intuitionistic Fuzzy,0.002545774,2023,2023
Feature Extraction,0.002504568,2023,2023
Semi-Supervised Learning,0.002463363,2023,2024
Intrusion Detection,0.002463363,2023,2024
Word Representation,0.002463363,2023,2023
Robot Navigation,0.002432268,2024,2024
